{"order":["banner","product-grid"],"sections":{"banner":{"settings":{"color_scheme":"scheme-1","show_collection_description":true,"show_collection_image":false},"type":"main-collection-banner"},"product-grid":{"settings":{"color_scheme":"scheme-1","columns_desktop":4,"columns_mobile":"2","enable_filtering":true,"enable_sorting":true,"filter_type":"horizontal","image_ratio":"adapt","image_shape":"default","padding_bottom":36,"padding_top":36,"products_per_page":16,"quick_add":"none","show_rating":false,"show_secondary_image":false,"show_vendor":false},"type":"main-collection-product-grid"}}}