{"sections":{"gp_section_591699911825687208":{"settings":{"checksum":"7c9c349545f76a2eafe7027a9f1e23ac832bf48129ad02b449f9184dd133ad12_1_1_1_0__1"},"type":"gp-section-591699911825687208"},"gp_section_591699911976682326":{"settings":{"checksum":"f3b9f794e0e1074fda573600a11ea8d8e2d32aa1c38e53a831e723badfc98ee9_1_1_1_0__1","ggV1X_hpLGw_text":"\u003cp\u003eNew arrival\u003c/p\u003e","ggbDYiutPZj_text":"“Effortlessly Blend Any Drink, Anytime, Anywhere.”","ggbku26eDtI_text":"\u003cp\u003e“Enjoy a hefty 25% discount on our powerful and stylish Peaks5 Blender Cup!”\u003c/p\u003e","ggbtqK5rZqJ_text":"\u003cp\u003e5$ Shipping With Less Than 3 DAY DELIVERY!\u003c/p\u003e","ggqPtjrWZmU_text":"\u003cp\u003e30-day money-back guarantee included\u0026nbsp;\u003c/p\u003e","ggsfGRHECdp_text":"\u003cp\u003e2000+ 5-Star Reviews\u003c/p\u003e","ggz0r2qhV1j_label":"\u003cp\u003eExplore Now\u003c/p\u003e","section_preload":"true"},"type":"gp-section-591699911976682326"},"gp_section_591699912060568232":{"settings":{"checksum":"f9ed21fb3b002128254f2cff367d39bb2015e17562c16dcfa95651fb00e3c772_1_1_1_0__1"},"type":"gp-section-591699912060568232"},"gp_section_591699912698102440":{"settings":{"checksum":"6a7c1a5fa68ce3957eaa07fa6da5d38b4b9851e64930088b077197ad4df6f838_1_1_1_0__1"},"type":"gp-section-591699912698102440"},"gp_section_591699913805398986":{"settings":{"checksum":"415c4567b8b72d148dbe4c8e7f623927eb1efc0f666be06342f06bec7e20ccbf_1_1_1_0__1","gg3Ma5f9oJ__text":"\u003cp\u003eLimited-Time Flash Sales\u0026nbsp;\u003c/p\u003e","ggI54fk61px_text":"\u003cp\u003eAvailable both online \u0026amp; offline\u0026nbsp;\u003c/p\u003e","ggSBHZKIf0d_text":"\u003cp\u003eReturns for 30 Days\u003c/p\u003e","ggUWMo3vmJt_text":"\u003cp\u003e5$ Shipping on All Orders\u003c/p\u003e"},"type":"gp-section-591699913805398986"},"gp_section_591699914157720522":{"settings":{"checksum":"0bd9fc164ce8d4ccf488f533763393a7d1992040f0a3c77594b6cf60f4f6fbac_1_1_1_0__1"},"type":"gp-section-591699914157720522"},"gp_section_591700283441021782":{"block_order":["gp_app_kaching-bundles_gHjJNDZcA5"],"blocks":{"gp_app_kaching-bundles_gHjJNDZcA5":{"type":"shopify://apps/kaching-bundles/blocks/app-block/6c637362-a106-4a32-94ac-94dcfd68cdb8","settings":{"product":"voltrx-premium-electric-protein-shaker-bottle-made-with-tritan-bpa-free-24-oz-vortex-portable-mixer-cup-usb-rechargeable-shaker-cups-for-protein-shakes-for-workout-fitness-exercise"}}},"settings":{"checksum":"ebd508f0e0d4c388f2ba46fa23e2f75b19ceb26f5f77d96738ada043e95fd6ca_1_1_1_0__1","gg0MOjI-wrU_label":"Add to cart","gg0MOjI-wrU_outOfStockLabel":"Out of stock","gg0MOjI-wrU_unavailableLabel":"Unavailable","ggKN5oYzlFE_text":"\u003cp\u003e2,500+ Verified Reviews!\u003c/p\u003e","ggV0Pwg4bm6_text":"\u003cp\u003e\u003cstrong\u003eShop Risk-Free!\u003c/strong\u003e\u003cbr\u003eWe offer \u003cstrong\u003e7-Day Returns\u003c/strong\u003e — if you’re not satisfied, send it back with ease.\u003c/p\u003e","gguvdBUljJ__displayContent":"{percent_discount} off","ggy1_X5Qj2S_displayContent":"{percent_discount} off","ggzFial2S2q_text":"\u003cp\u003eWorldwide free shipping\u003c/p\u003e"},"type":"gp-section-591700283441021782"},"gp_section_591702198845440970":{"settings":{"checksum":"7c8dd4e865bf869610244430cba60effbdfba9b074d1b6143f607c1bc6f0e68c_1_1_1_0__1"},"type":"gp-section-591702198845440970"}},"order":["gp_section_591699911976682326","gp_section_591699911825687208","gp_section_591702198845440970","gp_section_591699912060568232","gp_section_591700283441021782","gp_section_591699913805398986","gp_section_591699912698102440","gp_section_591699914157720522"]}