{"order":["image_banner","custom_liquid_rz6TYF","custom_liquid_hnaHkY","featured_product_URUQPp","pagefly-home"],"sections":{"custom_liquid_hnaHkY":{"name":"t:sections.custom-liquid.presets.name","settings":{"color_scheme":"scheme-3","custom_liquid":"=\u003cdiv style=\"text-align:center; margin-top:15px; font-size:18px; font-weight:700; color:#000; background:#FFD700; padding:12px 20px; border-radius:10px; box-shadow:0 4px 12px rgba(0,0,0,0.2);\"\u003e\n  🚚 Flat $5 Delivery — Fast \u0026 Reliable!\n\u003c/div\u003e","padding_bottom":0,"padding_top":0},"type":"custom-liquid"},"custom_liquid_rz6TYF":{"name":"t:sections.custom-liquid.presets.name","settings":{"color_scheme":"","custom_liquid":"\u003cdiv style=\"background:#e0ffe0; color:#155724; padding:10px; border-radius:8px; font-weight:bold; margin-top:10px; text-align:center;\"\u003e\n  ✅ In Stock — Order Fast!  \n  \u003cbr\u003e🚚 3-Day or Less Delivery\n\u003c/div\u003e","padding_bottom":0,"padding_top":0},"type":"custom-liquid"},"featured_product_URUQPp":{"block_order":["text_GNCQb4","title_j9MzgF","price_7hNpBb","custom_liquid_KKxPrF","kaching_bundles_app_block_eF9Dif","custom_liquid_jcX39n","variant_picker_CzDHTV","quantity_selector_CQnB3b","buy_buttons_x6RMR4","custom_liquid_UEHHN7","share_BHVktb"],"blocks":{"buy_buttons_x6RMR4":{"settings":{"show_dynamic_checkout":true,"show_gift_card_recipient":true},"type":"buy_buttons"},"custom_liquid_KKxPrF":{"settings":{"custom_liquid":"\u003cdiv style=\"text-align:left; margin-top:6px; font-size:15px; color:#FFD700; display:flex; align-items:center; gap:6px;\"\u003e\n  \u003cspan\u003e⭐⭐⭐⭐☆\u003c/span\u003e\n  \u003cspan style=\"color:#fff;\"\u003e4.6/5\u003c/span\u003e\n  \u003cspan style=\"color:#ccc;\"\u003e(172 verified reviews)\u003c/span\u003e\n  \u003cspan style=\"font-size:13px; color:#4CAF50;\"\u003e✅\u003c/span\u003e\n\u003c/div\u003e"},"type":"custom_liquid"},"custom_liquid_UEHHN7":{"settings":{"custom_liquid":""},"type":"custom_liquid"},"custom_liquid_jcX39n":{"settings":{"custom_liquid":"\u003cdiv style=\"text-align:left; margin-top:8px; font-size:18px; color:#ff3333; font-weight:700;\"\u003e\n  ⚠️ Low stock — only a few left! Order soon.\n\u003c/div\u003e"},"type":"custom_liquid"},"kaching_bundles_app_block_eF9Dif":{"settings":{"product":"{{section.settings.product}}"},"type":"shopify://apps/kaching-bundles/blocks/app-block/6c637362-a106-4a32-94ac-94dcfd68cdb8"},"price_7hNpBb":{"settings":{},"type":"price"},"quantity_selector_CQnB3b":{"settings":{},"type":"quantity_selector"},"share_BHVktb":{"settings":{"share_label":"Share"},"type":"share"},"text_GNCQb4":{"settings":{"text":"{{ section.settings.product.vendor }}","text_style":"uppercase"},"type":"text"},"title_j9MzgF":{"settings":{"heading_size":"h1"},"type":"title"},"variant_picker_CzDHTV":{"settings":{"picker_type":"button","swatch_shape":"circle"},"type":"variant_picker"}},"name":"t:sections.featured-product.presets.name","settings":{"color_scheme":"scheme-5","constrain_to_viewport":true,"enable_video_looping":false,"hide_variants":false,"image_zoom":"lightbox","media_fit":"contain","media_position":"left","media_size":"medium","padding_bottom":36,"padding_top":36,"product":"voltrx-premium-electric-protein-shaker-bottle-made-with-tritan-bpa-free-24-oz-vortex-portable-mixer-cup-usb-rechargeable-shaker-cups-for-protein-shakes-for-workout-fitness-exercise","secondary_background":false},"type":"featured-product"},"image_banner":{"block_order":["heading","button"],"blocks":{"button":{"settings":{"button_label_1":"Shop all","button_label_2":"","button_link_1":"shopify://collections/all","button_link_2":"","button_style_secondary_1":true,"button_style_secondary_2":false},"type":"buttons"},"heading":{"settings":{"heading":"Browse our latest products","heading_size":"h0"},"type":"heading"}},"settings":{"color_scheme":"scheme-3","desktop_content_alignment":"center","desktop_content_position":"bottom-center","image_behavior":"none","image_height":"large","image_overlay_opacity":40,"mobile_content_alignment":"center","show_text_below":false,"show_text_box":false,"stack_images_on_mobile":false},"type":"image-banner"},"pagefly-home":{"disabled":true,"settings":{},"type":"pagefly-home"}}}