{"sections":{"gp_section_591866266898137768":{"settings":{"checksum":"2c2c10b4124303a9db802b8049a8e8d1766369b2b3e90b51d971e41f7851b80a_1_1_1_0__1","gg1AGEWfTXC_text":"\u003cp\u003eFREE Shipping On Order 50$+\u003c/p\u003e","gg9hSxZmPAg_text":"Smoothies,Proteins,Anything, Anywhere.","ggPbejkzDAB_text":"\u003cp\u003eNew arrival\u003c/p\u003e","ggmJ9CMT4TI_text":"\u003cp\u003e30-day money-back guarantee included\u0026nbsp;\u003c/p\u003e","ggopztBIjL5_text":"\u003cp\u003eLate for work or the gym? Blend your drink on the go — right from your car.\u003c/p\u003e","ggqjFEpcOR0_text":"\u003cp\u003e600+ 5 Stars Reviews!\u003c/p\u003e","ggrQKVAF1-r_label":"\u003cp\u003eExplore Now\u003c/p\u003e","section_preload":"true"},"type":"gp-section-591866266898137768"},"gp_section_591866267317568458":{"settings":{"checksum":"5d9749e201cc23abb5d2037288a983aa4473336e59a1d04b2f1eb2b0e81d1104_1_1_1_0__1","ggkiD-qlEMv_text":"\u003cstrong\u003e\u0026nbsp; \u0026nbsp; \u0026nbsp; \u0026nbsp; \u0026nbsp; \u0026nbsp; \u0026nbsp; \u0026nbsp; \u0026nbsp; \u0026nbsp; \u0026nbsp; \u0026nbsp; \u0026nbsp; \u0026nbsp; \u0026nbsp; \u0026nbsp; \u0026nbsp; \u0026nbsp; \u0026nbsp; \u0026nbsp; \u0026nbsp; \u0026nbsp; \u0026nbsp; \u0026nbsp; \u0026nbsp; \u0026nbsp; \u0026nbsp; \u0026nbsp; \u0026nbsp; \u0026nbsp; \u0026nbsp; \u0026nbsp; \u0026nbsp; Power up your day with Peaks5 today!\u003c/strong\u003e\u003cbr\u003e\u0026nbsp;"},"type":"gp-section-591866267317568458"},"gp_section_591866267451785896":{"settings":{"checksum":"3912f737bfb8de0320ddc589af486512739c5ef0bfa5c5e3add9ab3844c7cf0d_1_1_1_0__1","gg04KKeZvhF_text":"New Products"},"type":"gp-section-591866267451785896"},"gp_section_591866267519156904":{"settings":{"checksum":"fe9885fd19a0d84c26e7ad4d0a68303168a9bab07acba038c4352cc654a050c9_1_1_1_0__1"},"type":"gp-section-591866267519156904"},"gp_section_591866267971879565":{"settings":{"checksum":"71a2459d310bc2c40329bdb27b620aba7f9d5f1388e18c3f434ff7f7aeeddef0_1_1_1_0__1","gg888giUt6M_text":"\u003cp\u003eBusy schedule? No problem. The Peaks5 Blender Cup lets you enjoy perfectly mixed protein shakes wherever life takes you — school, work, the gym, or even travel. Quick, smooth, and convenient, it’s your portable nutrition solution.\u003c/p\u003e","ggMYJMe0_8S_text":"\u003cp\u003eTired of lumps in your shakes? Discover how the Peaks5 Blender Cup makes mixing powders and liquids effortless. With its powerful stirring mechanism, you’ll get smooth, perfectly blended drinks every time — whether at home, the gym, or on the go.\u003c/p\u003e","ggQ_mJ9k5hL_text":"“Say Goodbye to Clumps: How the Peaks5 Blender Cup Makes Smooth Drinks Effortless”","ggVMpJ99jVp_text":"\u003cp\u003eNovember 5, 2024 | Written by Stella Hendriks\u003c/p\u003e","ggdrF8ExPos_text":"\u003cstrong\u003e“Top 5 Reasons Every Fitness Enthusiast Needs a Blender Cup”\u003c/strong\u003e\u0026nbsp;","ggfvURKYkDR_text":"\u003cp\u003eNovember 7, 2024 | Written by Stella Hendriks\u003c/p\u003e","gggYTgDv669_text":"\u003cp\u003eNovember 3, 2024 | Written by Stella Hendriks\u003c/p\u003e","ggljLsrRfMf_text":"Blogs","ggpL9cR5Fvn_text":"\u003cstrong\u003e“On-the-Go Nutrition: How to Mix Protein Shakes Anywhere, Anytime”\u003c/strong\u003e\u0026nbsp;","ggsINVsBE5E_text":"\u003cp\u003eFrom protein shakes to pre-workout mixes, the Peaks5 Blender Cup is a must-have for anyone serious about fitness. Learn the top five reasons why this portable, easy-to-clean cup will save you time, boost your workouts, and make your nutrition hassle-free.\u003c/p\u003e"},"type":"gp-section-591866267971879565"},"gp_section_591866268022211414":{"settings":{"checksum":"8db9fcac090d835fa8f2edbf4e658406399c0d07a8fea12ed6becb66a3db6a04_1_1_1_0__1","gg2TmQRPo3U_placeholder":"Enter your email","gg3__34HxbP_label":"Submit","gg9lCUS-nlr_errorMessage":"Can’t send email. Please try again later.","gg9lCUS-nlr_successMessage":"Thanks for contacting us. We'll get back to you as soon as possible.","gg_ohhe5YB-_text":"\u003cp\u003eSign up for exclusive content, special prizes, and latest update\u003c/p\u003e","gghGNUImmPP_text":"Subcribe \u0026amp; Sale off 10%"},"type":"gp-section-591866268022211414"},"gp_section_591866268122874536":{"settings":{"checksum":"11078581f87e2df7305542116b3dbb5d3d4047a480be077bc3d2393d5a45cbe1_1_1_1_0__1","ggnJvb6tnad_text":"follow Our Products."},"type":"gp-section-591866268122874536"},"gp_section_591866268324201302":{"settings":{"checksum":"0af603f9918a1be4b1bb93e34061fe3ddfe510c9352df5396fba6ab43d8b771b_1_1_1_0__1","gg5bYbC5lFu_label":"\u003cp\u003eReturn \u0026amp; Exchange\u0026nbsp;\u003c/p\u003e","ggAh06V3C9f_label":"\u003cp\u003eFAQ\u003c/p\u003e","ggRbYokFHHY_label":"\u003cp\u003eContact Us\u003c/p\u003e","ggW132Q4XLT_label":"\u003cp\u003eDelivery Information\u003c/p\u003e","ggwkwPTMBkC_text":"\u003cp\u003eCopyright © 2024 GemPages.\u0026nbsp;\u003c/p\u003e"},"type":"gp-section-591866268324201302"},"gp_section_591866268726854602":{"settings":{"checksum":"dcc79bd5936608432e23d2e46048baa233f0a3c856e701d8990dd50c952592cd_1_1_1_0__1","ggAvz3GHVY0_text":"\u003cp\u003eFantastic!\u003c/p\u003e","ggJY2DNhndq_text":"\u003cp\u003eFantastic!\u003c/p\u003e","ggZZCkt364I_text":"\u003cp\u003e\"Love this blender cup! My protein shakes are perfectly smooth every time. Super easy to clean and take to the gym or school.\u003c/p\u003e","ggbuzql_1iK_text":"\u003cp\u003e2000+ 5-Star Reviews\u003c/p\u003e","gggUFEImWXQ_text":"\u003cp\u003e-Ken K.\u003c/p\u003e","ggkDJLr4__4_text":"\u003cp\u003e\"I use it every day, whether at work or on vacation. Blends everything perfectly in seconds. So convenient and portable!\u003c/p\u003e","ggl0hX_Oc_i_text":"\u003cp\u003e-Maria K.\u003c/p\u003e","gglwccmdrSp_text":"What Our Customers Are Saying","ggn3T_DcX3N_text":"\u003cp\u003e“This hat has become an indispensable part of my everyday look, delivering both function and fashion.”\u003c/p\u003e","ggsKECmtqN7_text":"\u003cp\u003eWonderful!\u003c/p\u003e","ggwQbo88KGh_text":"\u003cp\u003e-Jonh L.\u003c/p\u003e"},"type":"gp-section-591866268726854602"},"gp_section_591867632697738186":{"settings":{"checksum":"6f98679215a4e974b2f7e8871415d83ad9d8eefc6e61560c96826b89cb81768f_1_1_1_0__1","gghzqkdRPvZ_text":"\u003cstrong\u003e\u0026nbsp; \u0026nbsp; \u0026nbsp; \u0026nbsp; \u0026nbsp; \u0026nbsp; \u0026nbsp; \u0026nbsp; \u0026nbsp; \u0026nbsp; \u0026nbsp; \u0026nbsp; \u0026nbsp; \u0026nbsp; \u0026nbsp; \u0026nbsp; \u0026nbsp; \u0026nbsp; \u0026nbsp; \u0026nbsp; \u0026nbsp; \u0026nbsp; \u0026nbsp; \u0026nbsp; \u0026nbsp; \u0026nbsp; \u0026nbsp; \u0026nbsp; \u0026nbsp; \u0026nbsp; \u0026nbsp; \u0026nbsp; \u0026nbsp; \u0026nbsp; \u0026nbsp; \u0026nbsp; \u0026nbsp; \u0026nbsp; \u0026nbsp; \u0026nbsp; \u0026nbsp; \u0026nbsp; \u0026nbsp; \u0026nbsp; \u0026nbsp; \u0026nbsp; \u0026nbsp; \u0026nbsp; \u0026nbsp; \u0026nbsp; \u0026nbsp; \u0026nbsp; \u0026nbsp; \u0026nbsp; \u0026nbsp; \u0026nbsp; \u0026nbsp; \u0026nbsp; \u0026nbsp; \u0026nbsp; \u0026nbsp; \u0026nbsp; \u0026nbsp;🏆 Peaks5 Best Sellers — Tested \u0026amp; Trusted!\u003c/strong\u003e"},"type":"gp-section-591867632697738186"},"gp_section_591985520406430457":{"settings":{"checksum":"f3834553c3f262858e39738710f0b7751f7758e56dd5b52a3a3c284f2af7c34d_1_1_1_0__1","ggbooqIBGLi_displayContent":"Sale {percent_discount} off","gglkAKHGVrs_label":"\u003cp\u003eView more\u003c/p\u003e","ggvPucvFOo5_continueSelling":"Restock soon! PREORDER NOW","ggvPucvFOo5_outOfStockMessage":"OUT OF STOCK","ggvPucvFOo5_template":"Only 2 left, BUY FAST!","ggvPucvFOo5_unlimitedQuantityMessage":"Hurry! LET BUY NOW"},"type":"gp-section-591985520406430457"},"gp_section_591988797852353457":{"settings":{"checksum":"8e4956ca11631d5d84579eb29e97d9032f2edb301278f8badbbd15459671a620_1_1_1_0__1"},"type":"gp-section-591988797852353457"},"gp_section_591990656298123806":{"settings":{"checksum":"ef36c1562f1b4d9e9adc3699779bcfbbb589f894a851e06fdb46626d103864f5_1_1_1_0__1","ggj6wvmIutK_text":"\u003cp\u003e\u0026nbsp; \u0026nbsp; \u0026nbsp; \u0026nbsp; \u0026nbsp; \u0026nbsp; \u0026nbsp; \u0026nbsp; \u0026nbsp; \u0026nbsp; \u0026nbsp; \u0026nbsp; \u0026nbsp; \u0026nbsp; \u0026nbsp; \u0026nbsp; \u0026nbsp; \u0026nbsp; \u0026nbsp; \u0026nbsp; \u0026nbsp; \u0026nbsp; \u0026nbsp; \u0026nbsp; \u0026nbsp; \u0026nbsp; \u0026nbsp; \u0026nbsp; \u0026nbsp; \u0026nbsp; \u0026nbsp; \u0026nbsp; \u0026nbsp; \u0026nbsp; \u0026nbsp; \u0026nbsp; \u0026nbsp; \u0026nbsp; \u0026nbsp; \u0026nbsp; \u0026nbsp; \u0026nbsp; \u0026nbsp; \u0026nbsp; \u0026nbsp; \u0026nbsp; \u0026nbsp; \u0026nbsp; \u0026nbsp; \u0026nbsp; \u0026nbsp; \u0026nbsp; \u0026nbsp; \u0026nbsp; \u0026nbsp; \u0026nbsp; \u0026nbsp; \u0026nbsp; \u0026nbsp; \u0026nbsp; \u0026nbsp; \u0026nbsp; \u0026nbsp; \u0026nbsp; \u0026nbsp; \u0026nbsp; \u0026nbsp; \u0026nbsp; \u0026nbsp; \u0026nbsp; \u0026nbsp; \u0026nbsp; \u0026nbsp; \u0026nbsp; \u0026nbsp; \u0026nbsp; \u0026nbsp; \u0026nbsp; \u0026nbsp; \u0026nbsp; \u0026nbsp; \u0026nbsp; \u0026nbsp; \u0026nbsp; \u0026nbsp; \u0026nbsp; \u0026nbsp; \u0026nbsp; \u0026nbsp; \u0026nbsp; \u0026nbsp; \u0026nbsp; \u0026nbsp; \u0026nbsp;Discover our premium selection – guaranteed to enhance your daily routine with every use.\u003c/p\u003e"},"type":"gp-section-591990656298123806"}},"order":["gp_section_591866266898137768","gp_section_591867632697738186","gp_section_591990656298123806","gp_section_591985520406430457","gp_section_591988797852353457","gp_section_591866267317568458","gp_section_591866267451785896","gp_section_591866267519156904","gp_section_591866268726854602","gp_section_591866267971879565","gp_section_591866268022211414","gp_section_591866268122874536","gp_section_591866268324201302"]}