{"sections":{"gp_section_591850354514068426":{"settings":{"checksum":"2f17d411f781d569c31c7860f0e612bbdd6376adea6c22f4b054d1c158463c70_1_1_1_0__1","gg_NFjVGkI1_text":"\u003cp\u003e\u003cstrong\u003e“Whether you’re on vacation, at school, or hitting the gym — the Peaks5 Blender Cup keeps your drinks perfectly smooth anywhere you go. Just add your ingredients, press the button, and enjoy a perfectly mixed shake or smoothie in seconds. No clumps. No mess. Just pure convenience.”\u003c/strong\u003e\u003c/p\u003e","ggx68DS5RLU_text":"Peaks5","section_preload":"false"},"type":"gp-section-591850354514068426"},"gp_section_591850354514133962":{"settings":{"checksum":"9ecc9c428ae2e090dd64e027325f6b721102f9a02cbefed4efe6be8ba6d430cc_1_1_1_0__1","section_preload":"false"},"type":"gp-section-591850354514133962"},"gp_section_591850354514199498":{"settings":{"checksum":"1f2e9176baa1ffe79c274ef2258d04afd74a15d9814c5abbc6db1fdaf879456d_1_1_1_0__1","gg3ouChx97-_text":"\u003cp\u003eLIMITED TIME 40%% OFF SALE\u003c/p\u003e","ggAVzMU8YJe_text":"\u003cp\u003e5$ SHIPPING\u003c/p\u003e","ggK8DmFGDwm_text":"30 DAYS MONEY BACK GUARANTEE","ggOxxoXAMwl_text":"\u003cp\u003eWARRANTY\u003c/p\u003e","section_preload":"true"},"type":"gp-section-591850354514199498"},"gp_section_591850354514265034":{"settings":{"checksum":"b42e2002e4aef0fba670b085b1a70e9dfcf12f044e948c8dbf716450a1b80466_1_1_1_0__1","gg2uplqEKDh_text":"\u003cstrong\u003e\u0026nbsp; \u0026nbsp; \u0026nbsp;Power Up Your Day With Peaks5, Watch The Videos Of Our Product Below\u003c/strong\u003e","section_preload":"false"},"type":"gp-section-591850354514265034"},"gp_section_591850354514330570":{"settings":{"checksum":"b56db1ceb6d6c3d1941d0ac8dbb7308af44de63e51ad41459ff6b2cc18c09b6c_1_1_1_0__1","section_preload":"false"},"type":"gp-section-591850354514330570"},"gp_section_591850354514396106":{"block_order":["gp_app_kaching-bundles_giJH-5G2Wk"],"blocks":{"gp_app_kaching-bundles_giJH-5G2Wk":{"type":"shopify://apps/kaching-bundles/blocks/app-block/6c637362-a106-4a32-94ac-94dcfd68cdb8","settings":{"product":"voltrx-premium-electric-protein-shaker-bottle-made-with-tritan-bpa-free-24-oz-vortex-portable-mixer-cup-usb-rechargeable-shaker-cups-for-protein-shakes-for-workout-fitness-exercise"}}},"settings":{"checksum":"459ec12c55e2c1e4ed47b2bb1316e17d40a7572a7ab3eb6c125278fb2b401f7d_1_1_1_0__1","gg7VDOa9A0I_displayContent":"Sale {percent_discount} off","gg7ngn74Zvt_label":"Add to cart","gg7ngn74Zvt_outOfStockLabel":"Out of stock","gg7ngn74Zvt_unavailableLabel":"Unavailable","gg9phthk4eT_text":"Quick and Effortless Cleaning","gg9sBYGxtoh_childItem_0":"Smooth Blends in Seconds – No lumps, guaranteed.","gg9sBYGxtoh_childItem_1":"Travel-Friendly – Ideal for gym, school, or on the go.","gg9sBYGxtoh_childItem_2":"Simple to Clean – Just a quick rinse needed.","ggJG3f0E5ba_childItem_0":"Full Refund Guarantee","ggJGRZdioqq_label":"Buy it now","ggLuqqDBq0y_text":"Perfect for Mixing Protein Shakes","gg_vCG4Vnml_text":"Quantity","ggcUDjAaIlJ_childItem_0":"Complete Satisfaction Guarantee","ggjhHRyOpU__childItem_0":"\u003cp\u003e“Fast \u0026amp; Reliable Shipping – Get Your Peaks5 Blender Cup in Just 2–3 Days! Only $5 for Worldwide Delivery!”\u003c/p\u003e","ggkBcUVmgRq_childItem_0":"7-Day Return Policy","ggkWWr8paqx_text":"Ensures Drink Purity","ggmFL2f0AJJ_childItem_0":"Hassle-Free 60-Day Returns","ggslSbsuN-W_continueSelling":"Restock soon! PREORDER NOW","ggslSbsuN-W_outOfStockMessage":"OUT OF STOCK","ggslSbsuN-W_template":"Only \u003cspan class='gp-text-g-text-2'\u003e\u003c$quantity$\u003e\u003c/span\u003e left","ggslSbsuN-W_unlimitedQuantityMessage":"Hurry! LET BUY NOW","section_preload":"true"},"type":"gp-section-591850354514396106"},"gp_section_591850354514461642":{"settings":{"checksum":"483b29283ef3b0f9c6ada14f187caf0aefef2997324f43d7c26a54c9f6d592ca_1_1_1_0__1","ggG_WkFUXo8_text":"\u0026nbsp; \u0026nbsp; \u0026nbsp; \u0026nbsp; \u0026nbsp; \u0026nbsp; \u0026nbsp; \u0026nbsp; \u0026nbsp; \u0026nbsp; Our Best Seller From Peaks5","section_preload":"false"},"type":"gp-section-591850354514461642"},"gp_section_591850354514527178":{"settings":{"checksum":"d1ae5df11d778977bde41274fd04c620e9eb23885986474bfbeaa002f89975cb_1_1_1_0__1","ggsgJmLAr4e_text":"\u003cp\u003e\u0026nbsp; \u0026nbsp; \u0026nbsp; \u0026nbsp; \u0026nbsp; \u0026nbsp; \u0026nbsp; \u0026nbsp; \u0026nbsp; \u0026nbsp; \u0026nbsp; \u0026nbsp; \u0026nbsp; \u0026nbsp; \u0026nbsp; \u0026nbsp; \u0026nbsp; \u0026nbsp; \u0026nbsp; \u0026nbsp; \u0026nbsp; \u0026nbsp; \u0026nbsp; \u0026nbsp; \u0026nbsp; \u0026nbsp; \u0026nbsp; \u0026nbsp; \u0026nbsp; \u0026nbsp; \u0026nbsp; \u0026nbsp; \u0026nbsp; \u0026nbsp; \u0026nbsp; \u0026nbsp; \u0026nbsp; \u0026nbsp; \u0026nbsp; \u0026nbsp; \u0026nbsp; \u0026nbsp; \u0026nbsp; \u0026nbsp; \u0026nbsp; \u0026nbsp; \u0026nbsp; \u0026nbsp; \u0026nbsp; \u0026nbsp; \u0026nbsp; \u0026nbsp; \u0026nbsp; \u0026nbsp; \u0026nbsp; \u0026nbsp; \u0026nbsp; \u0026nbsp; \u0026nbsp; \u0026nbsp; \u0026nbsp; \u0026nbsp; \u0026nbsp; \u0026nbsp; \u0026nbsp; \u0026nbsp; \u0026nbsp; \u0026nbsp;Unmatched usability—superior performance and customer satisfaction in One.\u003c/p\u003e","section_preload":"false"},"type":"gp-section-591850354514527178"},"gp_section_591852628414038669":{"settings":{"checksum":"0b28e4806dbffbe2b380312e74a1f3937ffbfee39ee30474bd4bef1748cc576d_1_1_1_0__1"},"type":"gp-section-591852628414038669"},"gp_section_591852628430816202":{"settings":{"checksum":"5d2c90857033d38036f0bac856ce82d3024fe9e254a0b7f8088feddf78907889_1_1_1_0__1"},"type":"gp-section-591852628430816202"}},"order":["gp_section_591850354514199498","gp_section_591850354514068426","gp_section_591850354514265034","gp_section_591850354514461642","gp_section_591850354514527178","gp_section_591850354514396106","gp_section_591850354514133962","gp_section_591850354514330570","gp_section_591852628414038669","gp_section_591852628430816202"]}