{"sections":{"gp_section_591844196034282326":{"settings":{"checksum":"14ba7e46d240d6b8c61126a0fad4ed7c144ccf577220f9e2692b9ef6d17e3591_1_1_1_0__1","section_preload":"true"},"type":"gp-section-591844196034282326"},"gp_section_591844304901636749":{"settings":{"checksum":"f8d77b4c91f72a93946b3c664d3fabe729f308192931b00ae8d351d5f61b9dd8_1_1_1_0__1","gg_NFjVGkI1_text":"\u003cp\u003e\u003cstrong\u003e“Whether you’re on vacation, at school, or hitting the gym — the Peaks5 Blender Cup keeps your drinks perfectly smooth anywhere you go. Just add your ingredients, press the button, and enjoy a perfectly mixed shake or smoothie in seconds. No clumps. No mess. Just pure convenience.”\u003c/strong\u003e\u003c/p\u003e","ggx68DS5RLU_text":"Peaks5"},"type":"gp-section-591844304901636749"},"gp_section_591844442088932182":{"settings":{"checksum":"3e4f75c769022807b0dcdfd82609702338ec5aa6b9296e71c09081ba70395c85_1_1_1_0__1"},"type":"gp-section-591844442088932182"},"gp_section_591845027378889558":{"block_order":["gp_app_kaching-bundles_giJH-5G2Wk"],"blocks":{"gp_app_kaching-bundles_giJH-5G2Wk":{"type":"shopify://apps/kaching-bundles/blocks/app-block/6c637362-a106-4a32-94ac-94dcfd68cdb8","settings":{"product":"voltrx-premium-electric-protein-shaker-bottle-made-with-tritan-bpa-free-24-oz-vortex-portable-mixer-cup-usb-rechargeable-shaker-cups-for-protein-shakes-for-workout-fitness-exercise"}}},"settings":{"checksum":"2bedaf0085444e2cade0887c9142be08f6fc6a8b112b449fa3428805454f8c16_1_1_1_0__1","gg7ngn74Zvt_label":"Add to cart","gg7ngn74Zvt_outOfStockLabel":"Out of stock","gg7ngn74Zvt_unavailableLabel":"Unavailable","gg9phthk4eT_text":"Quick and Effortless Cleaning","gg9sBYGxtoh_childItem_0":"Smooth Blends in Seconds – No lumps, guaranteed.","gg9sBYGxtoh_childItem_1":"Travel-Friendly – Ideal for gym, school, or on the go.","gg9sBYGxtoh_childItem_2":"Simple to Clean – Just a quick rinse needed.","ggJG3f0E5ba_childItem_0":"Full Refund Guarantee","ggL0-L4okJF_childItem_0":"Verified Buyer","ggLuqqDBq0y_text":"Perfect for Mixing Protein Shakes","gg_vCG4Vnml_text":"Quantity","ggcUDjAaIlJ_childItem_0":"Complete Satisfaction Guarantee","ggjhHRyOpU__childItem_0":"\u003cp\u003e“Fast \u0026amp; Reliable Shipping – Get Your Peaks5 Blender Cup in Just 2–3 Days! Only $5 for Worldwide Delivery!”\u003c/p\u003e","ggkBcUVmgRq_childItem_0":"7-Day Return Policy","ggkWWr8paqx_text":"Ensures Drink Purity","ggkwa38IxQp_text":"Briana M.","ggmFL2f0AJJ_childItem_0":"Hassle-Free 60-Day Returns","ggrD3I-aNF-_text":"“This shaker bottle is a game-changer! I use it daily for my protein shakes — no lumps, incredibly smooth, and so easy to clean. Ideal for school, gym, or travel!”","ggslSbsuN-W_continueSelling":"Restock soon! PREORDER NOW","ggslSbsuN-W_outOfStockMessage":"OUT OF STOCK","ggslSbsuN-W_template":"Only \u003cspan class='gp-text-g-text-2'\u003e\u003c$quantity$\u003e\u003c/span\u003e left","ggslSbsuN-W_unlimitedQuantityMessage":"Hurry! LET BUY NOW"},"type":"gp-section-591845027378889558"},"gp_section_591845628238103498":{"settings":{"checksum":"4e6b287d116b5dc7d420699a38d6a510d39760018070674aee03f5771eec5147_1_1_1_0__1","gg2uplqEKDh_text":"\"Watch the clips below and discover how our product can make your life easier!\""},"type":"gp-section-591845628238103498"},"gp_section_591845731652862922":{"settings":{"checksum":"4b159d0e2211678dba28d593023d13088901e79fbc59262bc54f59f4bcc4a17b_1_1_1_0__1"},"type":"gp-section-591845731652862922"},"gp_section_591848102927795146":{"settings":{"checksum":"041339f05ce46fd9a5c926b1b2dc61a23aa1e5acdba7bb2d815fdb855439f0c0_1_1_1_0__1","ggG_WkFUXo8_text":"\u0026nbsp; \u0026nbsp; \u0026nbsp; \u0026nbsp; \u0026nbsp; \u0026nbsp; \u0026nbsp; \u0026nbsp; \u0026nbsp; \u0026nbsp; Our Best Seller From Peaks5"},"type":"gp-section-591848102927795146"},"gp_section_591849906730173386":{"settings":{"checksum":"96af01d0919a71d53bc36ae47a5bb7d1a56b51ddb5da839cf074b06b588059b4_1_1_1_0__1","ggsgJmLAr4e_text":"\u003cp\u003e\u0026nbsp; \u0026nbsp; \u0026nbsp; \u0026nbsp; \u0026nbsp; \u0026nbsp; \u0026nbsp; \u0026nbsp; \u0026nbsp; \u0026nbsp; \u0026nbsp; \u0026nbsp; \u0026nbsp; \u0026nbsp; \u0026nbsp; \u0026nbsp; \u0026nbsp; \u0026nbsp; \u0026nbsp; \u0026nbsp; \u0026nbsp; \u0026nbsp; \u0026nbsp; \u0026nbsp; \u0026nbsp; \u0026nbsp; \u0026nbsp; \u0026nbsp; \u0026nbsp; \u0026nbsp; \u0026nbsp; \u0026nbsp; \u0026nbsp; \u0026nbsp; \u0026nbsp; \u0026nbsp; \u0026nbsp; \u0026nbsp; \u0026nbsp; \u0026nbsp; \u0026nbsp; \u0026nbsp; \u0026nbsp; \u0026nbsp; \u0026nbsp; \u0026nbsp; \u0026nbsp; \u0026nbsp; \u0026nbsp; \u0026nbsp; \u0026nbsp; \u0026nbsp; \u0026nbsp; \u0026nbsp; \u0026nbsp; \u0026nbsp; \u0026nbsp; \u0026nbsp; \u0026nbsp; \u0026nbsp; \u0026nbsp; \u0026nbsp; \u0026nbsp; \u0026nbsp; \u0026nbsp; \u0026nbsp; \u0026nbsp; \u0026nbsp; \u0026nbsp; \u0026nbsp; \u0026nbsp; Unmatched usability—superior performance and customer satisfaction in One.\u003c/p\u003e"},"type":"gp-section-591849906730173386"}},"order":["gp_section_591844196034282326","gp_section_591844304901636749","gp_section_591845628238103498","gp_section_591848102927795146","gp_section_591849906730173386","gp_section_591845027378889558","gp_section_591844442088932182","gp_section_591845731652862922"]}