{"order":["main","related-products"],"sections":{"main":{"block_order":["vendor","title","price","variant_picker","quantity_selector","buy_buttons","description","share"],"blocks":{"buy_buttons":{"settings":{"show_dynamic_checkout":true,"show_gift_card_recipient":true},"type":"buy_buttons"},"description":{"settings":{},"type":"description"},"price":{"settings":{},"type":"price"},"quantity_selector":{"settings":{},"type":"quantity_selector"},"share":{"settings":{"share_label":"Share"},"type":"share"},"title":{"settings":{},"type":"title"},"variant_picker":{"settings":{"picker_type":"button","swatch_shape":"circle"},"type":"variant_picker"},"vendor":{"settings":{"text":"{{ product.vendor }}","text_style":"uppercase"},"type":"text"}},"settings":{"color_scheme":"scheme-5","constrain_to_viewport":true,"enable_sticky_info":true,"enable_video_looping":false,"gallery_layout":"stacked","hide_variants":true,"image_zoom":"lightbox","media_fit":"contain","media_position":"left","media_size":"large","mobile_thumbnails":"hide","padding_bottom":12,"padding_top":36},"type":"main-product"},"related-products":{"disabled":true,"settings":{"color_scheme":"scheme-1","columns_desktop":4,"columns_mobile":"2","heading":"You may also like","heading_size":"h2","image_ratio":"square","image_shape":"default","padding_bottom":28,"padding_top":36,"products_to_show":4,"show_rating":false,"show_secondary_image":true,"show_vendor":false},"type":"related-products"}}}